{"cameraMode":{"drawMode":0,"name":"Shaded","section":"Shading Mode"},"sceneLighting":true,"audioPlay":false,"sceneViewState":{"m_AlwaysRefresh":false,"showFog":true,"showSkybox":true,"showFlares":true,"showImageEffects":true,"showParticleSystems":true,"showVisualEffectGraphs":true,"m_FxEnabled":true},"in2DMode":false,"pivot":{"x":5.926849365234375,"y":1.7231186628341675,"z":-9.252298355102539},"rotation":{"x":0.0937052071094513,"y":0.22352424263954163,"z":-0.021594667807221414,"w":0.9699468612670898},"size":25.33111000061035,"orthographic":false}